Workbook

Sheet ticket
A1: A | B1: B | C1: C | D1: D | E1: E
A2: ticket_id | B2: created_at | C2: closed_at | D2: outlet_id | E2: cms_id | F2: Same Day | G2: Same Hour
A3: t1 | B3: 44429.417 | C3: 44429.625 | D3: outlet_1 | E3: cms_101 | F3: =IF(OR(B3="", C3=""), "", IFERROR(INT(B3)=INT(C3), "") ) -> TRUE | G3: =IF(OR(B3="", C3=""), "", IFERROR(AND(INT(B3)=INT(C3), HOUR(B3)=HOUR(C3)), "") ) -> FALSE
A4: t2 | B4: 44429.417 | C4: 44429.417 | D4: outlet_1 | E4: cms_102 | F4: =IF(OR(B4="", C4=""), "", IFERROR(INT(B4)=INT(C4), "") ) -> TRUE | G4: =IF(OR(B4="", C4=""), "", IFERROR(AND(INT(B4)=INT(C4), HOUR(B4)=HOUR(C4)), "") ) -> TRUE
F5: =IF(OR(B5="", C5=""), "", IFERROR(INT(B5)=INT(C5), "") ) | G5: =IF(OR(B5="", C5=""), "", IFERROR(AND(INT(B5)=INT(C5), HOUR(B5)=HOUR(C5)), "") )
F6: =IF(OR(B6="", C6=""), "", IFERROR(INT(B6)=INT(C6), "") ) | G6: =IF(OR(B6="", C6=""), "", IFERROR(AND(INT(B6)=INT(C6), HOUR(B6)=HOUR(C6)), "") )
F7: =IF(OR(B7="", C7=""), "", IFERROR(INT(B7)=INT(C7), "") ) | G7: =IF(OR(B7="", C7=""), "", IFERROR(AND(INT(B7)=INT(C7), HOUR(B7)=HOUR(C7)), "") )
F8: =IF(OR(B8="", C8=""), "", IFERROR(INT(B8)=INT(C8), "") ) | G8: =IF(OR(B8="", C8=""), "", IFERROR(AND(INT(B8)=INT(C8), HOUR(B8)=HOUR(C8)), "") )
F9: =IF(OR(B9="", C9=""), "", IFERROR(INT(B9)=INT(C9), "") ) | G9: =IF(OR(B9="", C9=""), "", IFERROR(AND(INT(B9)=INT(C9), HOUR(B9)=HOUR(C9)), "") )
F10: =IF(OR(B10="", C10=""), "", IFERROR(INT(B10)=INT(C10), "") ) | G10: =IF(OR(B10="", C10=""), "", IFERROR(AND(INT(B10)=INT(C10), HOUR(B10)=HOUR(C10)), "") )
F11: =IF(OR(B11="", C11=""), "", IFERROR(INT(B11)=INT(C11), "") ) | G11: =IF(OR(B11="", C11=""), "", IFERROR(AND(INT(B11)=INT(C11), HOUR(B11)=HOUR(C11)), "") )
F12: =IF(OR(B12="", C12=""), "", IFERROR(INT(B12)=INT(C12), "") ) | G12: =IF(OR(B12="", C12=""), "", IFERROR(AND(INT(B12)=INT(C12), HOUR(B12)=HOUR(C12)), "") )
F13: =IF(OR(B13="", C13=""), "", IFERROR(INT(B13)=INT(C13), "") ) | G13: =IF(OR(B13="", C13=""), "", IFERROR(AND(INT(B13)=INT(C13), HOUR(B13)=HOUR(C13)), "") )
F14: =IF(OR(B14="", C14=""), "", IFERROR(INT(B14)=INT(C14), "") ) | G14: =IF(OR(B14="", C14=""), "", IFERROR(AND(INT(B14)=INT(C14), HOUR(B14)=HOUR(C14)), "") )
F15: =IF(OR(B15="", C15=""), "", IFERROR(INT(B15)=INT(C15), "") ) | G15: =IF(OR(B15="", C15=""), "", IFERROR(AND(INT(B15)=INT(C15), HOUR(B15)=HOUR(C15)), "") )
F16: =IF(OR(B16="", C16=""), "", IFERROR(INT(B16)=INT(C16), "") ) | G16: =IF(OR(B16="", C16=""), "", IFERROR(AND(INT(B16)=INT(C16), HOUR(B16)=HOUR(C16)), "") )
... F28: =IF(OR(B28="", C28=""), "", IFERROR(INT(B28)=INT(C28), "") ) | G28: =IF(OR(B28="", C28=""), "", IFERROR(AND(INT(B28)=INT(C28), HOUR(B28)=HOUR(C28)), "") )
G29: =IF(OR(B29="", C29=""), "", IFERROR(AND(INT(B29)=INT(C29), HOUR(B29)=HOUR(C29)), "") )
G30: =IF(OR(B30="", C30=""), "", IFERROR(AND(INT(B30)=INT(C30), HOUR(B30)=HOUR(C30)), "") )

Sheet feedbacks
A1: A | B1: B | C1: C | D1: D
A2: cms_id | B2: feedback_at | C2: feedback_rating | D2: ticket_created_at
A3: cms_101 | B3: 44429.542 | C3: 4 | D3: {=IF(A3="","", IFERROR( TEXT(INDEX(ticket!B:B, MATCH(TRIM(A3), ticket!E:E, 0)), "yyyy-mm-dd hh:mm:ss"), "") )} -> 2021-08-21 10:00:00
A4: cms_102 | B4: 44429.5 | C4: 5 | D4: {=IF(A4="","", IFERROR( TEXT(INDEX(ticket!B:B, MATCH(TRIM(A4), ticket!E:E, 0)), "yyyy-mm-dd hh:mm:ss"), "") )} -> 2021-08-21 10:00:00
D5: {=IF(A5="","", IFERROR( TEXT(INDEX(ticket!B:B, MATCH(TRIM(A5), ticket!E:E, 0)), "yyyy-mm-dd hh:mm:ss"), "") )}
D6: {=IF(A6="","", IFERROR( TEXT(INDEX(ticket!B:B, MATCH(TRIM(A6), ticket!E:E, 0)), "yyyy-mm-dd hh:mm:ss"), "") )}
D7: {=IF(A7="","", IFERROR( TEXT(INDEX(ticket!B:B, MATCH(TRIM(A7), ticket!E:E, 0)), "yyyy-mm-dd hh:mm:ss"), "") )}
D8: {=IF(A8="","", IFERROR( TEXT(INDEX(ticket!B:B, MATCH(TRIM(A8), ticket!E:E, 0)), "yyyy-mm-dd hh:mm:ss"), "") )}
D9: {=IF(A9="","", IFERROR( TEXT(INDEX(ticket!B:B, MATCH(TRIM(A9), ticket!E:E, 0)), "yyyy-mm-dd hh:mm:ss"), "") )}
D10: {=IF(A10="","", IFERROR( TEXT(INDEX(ticket!B:B, MATCH(TRIM(A10), ticket!E:E, 0)), "yyyy-mm-dd hh:mm:ss"), "") )}
D11: {=IF(A11="","", IFERROR( TEXT(INDEX(ticket!B:B, MATCH(TRIM(A11), ticket!E:E, 0)), "yyyy-mm-dd hh:mm:ss"), "") )}
D12: {=IF(A12="","", IFERROR( TEXT(INDEX(ticket!B:B, MATCH(TRIM(A12), ticket!E:E, 0)), "yyyy-mm-dd hh:mm:ss"), "") )}
D13: {=IF(A13="","", IFERROR( TEXT(INDEX(ticket!B:B, MATCH(TRIM(A13), ticket!E:E, 0)), "yyyy-mm-dd hh:mm:ss"), "") )}
D14: {=IF(A14="","", IFERROR( TEXT(INDEX(ticket!B:B, MATCH(TRIM(A14), ticket!E:E, 0)), "yyyy-mm-dd hh:mm:ss"), "") )}
D15: {=IF(A15="","", IFERROR( TEXT(INDEX(ticket!B:B, MATCH(TRIM(A15), ticket!E:E, 0)), "yyyy-mm-dd hh:mm:ss"), "") )}
D16: {=IF(A16="","", IFERROR( TEXT(INDEX(ticket!B:B, MATCH(TRIM(A16), ticket!E:E, 0)), "yyyy-mm-dd hh:mm:ss"), "") )}
... D22: {=IF(A22="","", IFERROR( TEXT(INDEX(ticket!B:B, MATCH(TRIM(A22), ticket!E:E, 0)), "yyyy-mm-dd hh:mm:ss"), "") )}
D23: {=IF(A23="","", IFERROR( INDEX(ticket!B:B, MATCH(TRIM(A23), ticket!E:E, 0)), "") )}
D24: {=IF(A24="","", IFERROR( INDEX(ticket!B:B, MATCH(TRIM(A24), ticket!E:E, 0)), "") )}
D25: {=IF(A25="","", IFERROR( INDEX(ticket!B:B, MATCH(TRIM(A25), ticket!E:E, 0)), "") )}
D26: {=IF(A26="","", IFERROR( INDEX(ticket!B:B, MATCH(TRIM(A26), ticket!E:E, 0)), "") )}
D27: {=IF(A27="","", IFERROR( INDEX(ticket!B:B, MATCH(TRIM(A27), ticket!E:E, 0)), "") )}
D28: {=IF(A28="","", IFERROR( INDEX(ticket!B:B, MATCH(TRIM(A28), ticket!E:E, 0)), "") )}
